<?xml version="1.0" encoding="UTF-8"?>
<project-private xmlns="http://www.netbeans.org/ns/project-private/1">
    <editor-bookmarks xmlns="http://www.netbeans.org/ns/editor-bookmarks/2" lastBookmarkId="0"/>
    <open-files xmlns="http://www.netbeans.org/ns/projectui-open-files/2">
        <group>
            <file>file:/C:/Users/Jeffr/Documents/NetBeansProjects/CRUDAPP2020/src/java/modeloDAO/PersonaDAO.java</file>
            <file>file:/C:/Users/Jeffr/Documents/NetBeansProjects/CRUDAPP2020/src/java/ModeloDeDatos/Persona.java</file>
            <file>file:/C:/Users/Jeffr/Documents/NetBeansProjects/CRUDAPP2020/src/java/controller/Controller.java</file>
            <file>file:/C:/Users/Jeffr/Documents/NetBeansProjects/CRUDAPP2020/src/java/interfaces/CRUD.java</file>
        </group>
    </open-files>
</project-private>
